id,region,first_name,last_name,full_name,email,phone,city,address,masked_name,masked_email
bf152cbc-3392-45e4-8980-14ad26260194,DE,Klaus,Beckmann,Klaus Beckmann,kaleylindgren@glover.name,+49 401 30785612,Wuppertal,"3744 Franziskanerstraße, Jena 99719",283b186a9371c744,89c3a25588b7780e
085f95c9-a068-434a-a3f7-acd074102a60,DE,Stefanie,Brunner,Stefanie Brunner,marciawebster@bailey.net,+49 365 44029008,Wilhelmshaven,"2748 Bahnhofstraße, Norderstedt 80813",3ca6412f67af823c,490b37a8c5466b9b
1e343885-18a6-4523-ae58-c0a5a38bfe7c,DE,Annika,Maier,Annika Maier,vincentlin@watkins.biz,+49 279 8020694,Kaiserslautern,"1846 Innere Straße, Bonn 46316",6ff95c337a7d473f,d485d9912585d180
38641f3c-84bc-42cf-a851-9c43c21353a8,DE,Roswitha,Fischer,Roswitha Fischer,karleegleason@adams.net,+49 817 91851108,Viersen,"6753 Gartenstraße, Coburg 77499",cc79e70e631dfce6,84e8f9889931e0be
89887ad7-0103-41fe-8645-c86a31884c06,DE,Isabel,Scholz,Isabel Scholz,brentmatthews@diaz.net,+49 144 52011764,Meißen,"3047 Werkstraße, Villingen-Schwenningen 14368",a236b4ec7eb37b19,55c48d730904b212
594d8f95-f8be-45a9-9fa7-9c5a91b8eaa9,DE,Ingrid,Marx,Ingrid Marx,dessieaustin@reyes.net,+49 086 9645762,Darmstadt,"6755 Fabrikstraße, Plauen 85577",e56d0279ebe79b12,93fa534d069b084c
0279638c-9d4f-4ab4-b2a4-f86954ce7d94,DE,Walter,Ludwig,Walter Ludwig,jadamurphy@wiggins.biz,+49 934 78376930,Stralsund,"7068 Grenzstraße, Dortmund 34865",7bf15ff761e9cf3d,93dca409edac9129
3db62901-6047-4044-a705-5d11fbed7290,DE,Wolfgang,Schulz,Wolfgang Schulz,jacquelynfarrell@white.biz,+49 636 7006790,Zwickau,"7836 Kirchstraße, Stralsund 06830",e9d0e48ca9f922e5,1eb8d44575f62dec
5b6ff2a2-3614-476f-8da0-ce6fd470305f,DE,Anja,Huber,Anja Huber,kiannaschultz@sharp.net,+49 923 7709455,Lindau,"798 Beethovenstraße, Zwickau 95128",eb44d09eb7a88bbb,3f0b3c4c9aee192f
4590383b-aa75-4809-bf0d-6b66dfbcbb42,DE,Clara,Blum,Clara Blum,garlandpatterson@scott.name,+49 066 0570705,Neumünster,"1534 Mozartstraße, Münster 19015",747cb80c7a31df93,3afaed6c4081a2f8
3b025aa9-09bb-431e-b28d-61a8c575afc8,DE,Erik,Nowak,Erik Nowak,randylowe@lowe.biz,+49 728 0428015,Halle,"8599 Am Mühlbach, Bayreuth 13510",ce3fcba76460c653,2705f68ce3fa46e3
8fc0cf7b-24c3-4efe-9e54-b7632b767ffd,DE,Anna,Marx,Anna Marx,edwinrichards@fuller.net,+49 868 71879610,Stralsund,"7020 Eschenstraße, Bergisch Gladbach 18057",c6b25cfed9bca14c,65a5d9fff7a001a0
bd7ce8fe-43dc-48e3-8f28-386dbb1ae1da,DE,Julia,Ebert,Julia Ebert,jasminmaldonado@sanders.io,+49 916 6879772,Kaiserslautern,"1033 Kurze Straße, Gotha 84702",3b1be084be2e98d3,4dcf7374c21669e8
e989341b-eb2b-4ffd-98fa-299d534d7ced,DE,Emma,Heinrich,Emma Heinrich,carrollmarquardt@greene.biz,+49 697 1003570,Ratingen,"7442 Heidestraße, Hildesheim 67724",2e0e04f665e7cca1,ab3778b768a9c404
86742ac2-2145-42a6-b33e-ec2038787fba,DE,Christina,Fischer,Christina Fischer,arlenewhite@sanchez.info,+49 948 85119491,Solingen,"7116 Kiefernweg, Altenburg 58515",4910735b05ee31fa,5413901dfc75df6a
f90eecf8-4213-49de-accf-796faaa02c2a,DE,Jens,Frank,Jens Frank,robertahowe@rodriguez.net,+49 906 58402136,Heilbronn,"1578 Lilienstraße, Bayreuth 61467",874c6f78b0cb299d,a316467d17e97342
1a8d71c3-5678-4e82-816a-ade35a395a67,DE,Edith,Hermann,Edith Hermann,lorenzomann@ramos.info,+49 941 54517738,Mönchengladbach,"3382 Dorfstraße, Heidelberg 31603",e222d4d2453747ae,94027f6f4b8aa298
97fcf589-8883-435b-b89a-2ad1fc48009f,DE,Elias,Brunner,Elias Brunner,kristagregory@wiggins.name,+49 214 9156480,Wismar,"212 Marktstraße, Schwerin 61404",dded60b2797c9913,5daa8278ed42e5eb
1e139975-b9bb-449e-b4e6-31492fa4332a,DE,Birgit,Scholz,Birgit Scholz,corinehunter@crawford.biz,+49 772 13017792,Duisburg,"889 Winterstraße, Braunschweig 03680",1ad08c6a441e8510,53c732148261ee8d
5636b335-d48a-4b06-8e65-4d1265792d94,DE,Mathilda,Mayer,Mathilda Mayer,dahliaray@cruz.info,+49 031 3022462,Marburg,"8754 Gewerbestraße, Wilhelmshaven 23787",b856cb2c69712a46,017740fc1898a881
cb89dd0a-6f84-4126-bfd2-2b0b7b64a0fa,DE,Vanessa,Albrecht,Vanessa Albrecht,angelwilcox@dixon.net,+49 706 6874838,Mühlhausen,"1494 Am Sportplatz, Friedrichshafen 94342",fac67cfb57326c1b,f015f2b65ce464b8
b346e0db-f310-4a72-ba0c-deb83d21804d,DE,Frieda,Haas,Frieda Haas,cadenconroy@cook.name,+49 120 81131939,Kaufbeuren,"55 Ahornweg, Bayreuth 88488",b571918f3fb6ad2a,4f89cbde4d24f4cc
50699ed8-a425-4c40-abaa-31d0c2551c22,DE,Margarete,Kühn,Margarete Kühn,brettfrazier@peters.io,+49 582 8469371,Plauen,"5794 Weidenstraße, Gelsenkirchen 19513",e3169ce9dac9020b,aac288d413fc5fb5
6f791444-9e26-4cbd-b703-7887b858189b,DE,Lennard,Nowak,Lennard Nowak,anibalpayne@watson.biz,+49 335 39148941,Bochum,"8559 Sommerstraße, Chemnitz 65646",3e6c1a57f20b2096,988af1d5cb499139
86fc18d2-2626-49d0-9890-34e785314eae,DE,Luis,Ernst,Luis Ernst,humbertogleason@richardson.info,+49 897 84802762,Kaiserslautern,"9197 Burgstraße, Leverkusen 40362",3f4d916ced9780a4,760084298a867878
57f3600e-1d30-42cb-99b2-b72a96a7ef26,DE,Cornelia,Wenzel,Cornelia Wenzel,tiffanywiggins@barnes.io,+49 046 5257571,Pirna,"4885 Fabrikstraße, Mülheim 16473",fc91d842e8db3ef5,81585565dbc1c994
96ec101c-c141-49d8-9568-de3fe94cab82,DE,Max,Ackermann,Max Ackermann,maciewong@purdy.info,+49 292 3479708,Augsburg,"7120 Drosselweg, Kaiserslautern 81300",c449f5c04fd46f6e,1ca7612f67dd6fe7
0e572abc-0fd9-4c93-bc2c-75a920551f73,DE,Konrad,Kellner,Konrad Kellner,erinreilly@sharp.org,+49 024 2937596,Gera,"2107 Nachbarschaftsweg, Freising 59635",90a33ea73f6b3f2d,25e22d992fb2101f
10fe0ac1-c196-4421-a631-024af8b5550d,DE,Norbert,Kremer,Norbert Kremer,hayliefuller@barker.com,+49 498 97663134,Gießen,"588 Amselweg, Leverkusen 79433",060c12cfa93d8629,b299aad73585c42e
d5d332b4-06c3-4321-8e25-e880d6d89f15,DE,Axel,Unger,Axel Unger,parkerschiller@schiller.org,+49 175 3790409,Bielefeld,"7381 Sommerstraße, Marl 68617",e105e06b2a0fa407,454300efa983ca45
810fe29b-51cd-4660-bd6c-e036a07bd7e4,DE,Dirk,Brinkmann,Dirk Brinkmann,danemaxwell@castillo.name,+49 657 68978872,Stuttgart,"8480 Nachbarschaftsweg, Wismar 28995",7b5dddf28a390496,68671b416664c1ee
942017ae-a998-450b-8660-8206f3370c59,DE,Moritz,Keller,Moritz Keller,caitlynwhite@smith.com,+49 785 83601532,Berlin,"6176 Kastanienallee, Herne 93837",46cee5729463133c,f7c8a9a3813e76dd
f782ed51-7aa1-4e03-b394-3ef0b4e4cc99,DE,Mathilda,Krieger,Mathilda Krieger,jarrodbell@hamilton.info,+49 489 8371672,Oberhausen,"966 Am Stadtpark, Lünen 04995",26a691bb31a8872d,9a599c67152fbd50
0655c65e-30e5-4252-a276-90888bb25464,DE,Heinrich,Stahl,Heinrich Stahl,forestwebster@carter.org,+49 860 21612073,Koblenz,"2590 Klosterstraße, Hannover 59158",47d4b61ff9a156d4,de764db308715197
72e74a89-6274-4af9-90e2-00147b9b9a7a,DE,Thorsten,Haas,Thorsten Haas,gustavekessler@moreno.com,+49 897 0601970,Koblenz,"1228 Obere Straße, Darmstadt 35680",aa0f8822d4d4b19d,4f9bc3c27d9e1f70
70c9071e-08d9-4de6-a3ea-4ecee64f21ec,DE,Sophia,Baumann,Sophia Baumann,isabelleglenn@clayton.org,+49 306 3761066,Herne,"8050 Werkstraße, Velbert 11089",854c83b9b53983d0,9a1b2b72279be358
b9d10e45-dbf0-4f76-b25c-03d618a582af,DE,Detlef,Meier,Detlef Meier,zoeyclayton@manning.name,+49 886 0460079,Krefeld,"779 Schillerstraße, Ratingen 20741",3105b76f12898cf4,7a11e09c6ce7b60d
a3ef66ca-8d65-455b-b1a2-069c4f4e2fc1,DE,Matthias,Kaiser,Matthias Kaiser,patiencelamb@goodwin.name,+49 113 64260921,Köln,"1401 Nelkenweg, Wismar 50305",29c6b1c16e7368d6,991b31507d865eb4
968733ec-9d42-4ebe-a8b3-81d3932e1b3f,DE,Paul,Braun,Paul Braun,estebanwatts@burton.info,+49 804 4441532,Heidelberg,"1586 Am Hang, Plauen 50623",cc093b56e777b7d8,1ab76557a6c7e711
31146987-1d8d-4fc4-b3d5-485961ffde60,DE,Margarete,Esser,Margarete Esser,gagegardner@vincent.name,+49 960 92933846,Gera,"3038 Gleichheitsstraße, Weimar 41168",dfb42541d564e4dc,5f5dc239ef38fbc1
17d8da41-74aa-4681-8144-4c2d89f24f56,DE,Charlotte,Bachmann,Charlotte Bachmann,zacharynorris@mitchell.biz,+49 898 1114120,Solingen,"6383 Weidenstraße, Duisburg 06558",3b934782d7a9080d,3783d534ed7f84d1
baf83d1a-b8e7-4763-8d33-e77aa79c0138,DE,Detlef,Nowak,Detlef Nowak,javieryoung@carpenter.io,+49 066 5378012,Solingen,"1788 Mondscheinweg, Göttingen 01271",338bc61f2b5af44d,f19359f8beb58c35
7de14ec0-f5e7-4217-9262-3ab8dd2630b4,DE,Lilly,Krieger,Lilly Krieger,nathanwelch@mitchell.name,+49 927 7729989,Freising,"5048 Hauptstraße, Iserlohn 71314",90b2de67bc0474c6,d7fc4723cc289262
909f6f69-a676-4144-a24e-cde82d7ff354,DE,Mathilda,Roth,Mathilda Roth,londonlarkin@perkins.com,+49 045 14027730,Lünen,"3649 Domstraße, Rosenheim 72753",f1c8fb5a53bf6ed3,1d5e69e62d4b49a7
61c1ae0b-3eab-49f3-bce9-23071510ddd8,DE,Torsten,Weiß,Torsten Weiß,rorywalton@cruz.info,+49 760 3857258,Nordhausen,"2753 Stiftsstraße, Oldenburg 31276",e4996346e8f34243,6988e460ec0bbf7e
929dbcad-5d0a-4060-bdad-aff6c4c27601,DE,Gertrude,Schmitz,Gertrude Schmitz,damarispatterson@sauer.com,+49 259 9329132,Potsdam,"2532 Frühlingsstraße, Neuss 56109",1098e554e158a1c9,155ecfde3c3b4a98
a046c8b5-7574-4cdf-b38e-25f083f36798,DE,Pauline,Vogt,Pauline Vogt,fayesaunders@hammond.biz,+49 844 95594967,Hagen,"6827 Heidestraße, Marburg 67497",669ffec3a869577d,3ea4910b32779e84
075a539d-cae7-42e4-a64f-bb8168906d69,DE,Theresa,Strauss,Theresa Strauss,fredericktran@padilla.org,+49 505 0125611,Döbeln,"8543 Alte Straße, Leipzig 10117",89f3f60d64c45777,b7b6c02e03281807
1250f16c-f5c8-4b74-a02d-74b7dd7b56a2,DE,Leo,Vogel,Leo Vogel,romanhartmann@ramirez.io,+49 363 89763403,Kassel,"4844 Lange Straße, Esslingen 09742",551c58ac3334e656,b1318b371db92efb
0761e2fe-2111-48b8-b6c2-eb6a9d3604cc,DE,Thomas,Schmid,Thomas Schmid,lillianfields@newton.org,+49 529 6241333,Leverkusen,"9023 Am Stadtpark, Jena 10238",e10ac106f067ec30,3c90a59378bf8225
